{"cameraMode":{"drawMode":0,"name":"Shaded","section":"Shading Mode"},"sceneLighting":true,"audioPlay":false,"sceneViewState":{"showFog":true,"showMaterialUpdate":false,"showSkybox":false,"showFlares":true,"showImageEffects":true,"showParticleSystems":true},"in2DMode":false,"pivot":{"x":-31.383501052856447,"y":66.83537292480469,"z":-13.465570449829102},"rotation":{"x":-0.30525901913642886,"y":0.6457293629646301,"z":-0.3155505359172821,"w":-0.6247812509536743},"size":32.477413177490237,"orthographic":false}