{"cameraMode":{"drawMode":0,"name":"Shaded","section":"Shading Mode"},"sceneLighting":true,"audioPlay":false,"sceneViewState":{"showFog":true,"showMaterialUpdate":false,"showSkybox":false,"showFlares":true,"showImageEffects":true,"showParticleSystems":true},"in2DMode":false,"pivot":{"x":-15.650545120239258,"y":-36.0249137878418,"z":1.1773862838745118},"rotation":{"x":-0.35189759731292727,"y":0.6087731122970581,"z":-0.344377726316452,"w":-0.622068464756012},"size":85.21629333496094,"orthographic":false}