{"cameraMode":{"drawMode":0,"name":"Shaded","section":"Shading Mode"},"sceneLighting":true,"audioPlay":false,"sceneViewState":{"showFog":true,"showMaterialUpdate":false,"showSkybox":false,"showFlares":true,"showImageEffects":true,"showParticleSystems":true},"in2DMode":false,"pivot":{"x":16.155359268188478,"y":23.849506378173829,"z":13.052505493164063},"rotation":{"x":-0.019653212279081346,"y":0.9685764312744141,"z":-0.23426686227321626,"w":-0.0812588557600975},"size":21.010000228881837,"orthographic":false}