{"cameraMode":{"drawMode":0,"name":"Shaded","section":"Shading Mode"},"sceneLighting":false,"audioPlay":false,"sceneViewState":{"showFog":true,"showMaterialUpdate":false,"showSkybox":false,"showFlares":true,"showImageEffects":true,"showParticleSystems":true},"in2DMode":false,"pivot":{"x":-50.89896774291992,"y":-29.97127914428711,"z":25.532655715942384},"rotation":{"x":-0.26451075077056887,"y":0.35168731212615969,"z":-0.10430146008729935,"w":-0.8918914198875427},"size":74.32711791992188,"orthographic":false}