{"cameraMode":{"drawMode":0,"name":"Shaded","section":"Shading Mode"},"sceneLighting":true,"audioPlay":false,"sceneViewState":{"showFog":true,"showMaterialUpdate":false,"showSkybox":false,"showFlares":true,"showImageEffects":true,"showParticleSystems":true},"in2DMode":false,"pivot":{"x":-196.7283477783203,"y":-14.899189949035645,"z":50.76930236816406},"rotation":{"x":-0.19640232622623444,"y":0.5607269406318665,"z":-0.13903075456619264,"w":-0.7922943234443665},"size":224.49928283691407,"orthographic":false}