{"cameraMode":{"drawMode":0,"name":"Shaded","section":"Shading Mode"},"sceneLighting":false,"audioPlay":false,"sceneViewState":{"showFog":true,"showMaterialUpdate":false,"showSkybox":false,"showFlares":true,"showImageEffects":true,"showParticleSystems":true},"in2DMode":false,"pivot":{"x":9.665473937988282,"y":26.655370712280275,"z":-0.4704417586326599},"rotation":{"x":-0.19794681668281556,"y":0.7123487591743469,"z":-0.22176657617092133,"w":-0.6358159184455872},"size":0.857363760471344,"orthographic":false}