{"cameraMode":{"drawMode":0,"name":"Shaded","section":"Shading Mode"},"sceneLighting":true,"audioPlay":false,"sceneViewState":{"showFog":true,"showMaterialUpdate":false,"showSkybox":false,"showFlares":true,"showImageEffects":true,"showParticleSystems":true},"in2DMode":false,"pivot":{"x":-27.583370208740236,"y":75.15069580078125,"z":-0.06931781768798828},"rotation":{"x":-0.12255588173866272,"y":0.868838369846344,"z":-0.267356812953949,"w":-0.39836356043815615},"size":50.092899322509769,"orthographic":false}