{"cameraMode":{"drawMode":0,"name":"Shaded","section":"Shading Mode"},"sceneLighting":true,"audioPlay":false,"sceneViewState":{"showFog":true,"showMaterialUpdate":false,"showSkybox":false,"showFlares":true,"showImageEffects":true,"showParticleSystems":true},"in2DMode":false,"pivot":{"x":-3.7075979709625246,"y":89.9111328125,"z":-25.879236221313478},"rotation":{"x":-0.5151054859161377,"y":0.47853004932403567,"z":-0.44413551688194277,"w":-0.5554640293121338},"size":13.750503540039063,"orthographic":false}