{"cameraMode":{"drawMode":0,"name":"Shaded","section":"Shading Mode"},"sceneLighting":true,"audioPlay":false,"sceneViewState":{"showFog":true,"showMaterialUpdate":false,"showSkybox":false,"showFlares":true,"showImageEffects":true,"showParticleSystems":true},"in2DMode":false,"pivot":{"x":-39.01689910888672,"y":62.0773811340332,"z":14.9376220703125},"rotation":{"x":-0.428389310836792,"y":0.17873065173625947,"z":-0.08710164576768875,"w":-0.8815327286720276},"size":44.038917541503909,"orthographic":false}