{"cameraMode":{"drawMode":0,"name":"Shaded","section":"Shading Mode"},"sceneLighting":true,"audioPlay":false,"sceneViewState":{"showFog":true,"showMaterialUpdate":false,"showSkybox":false,"showFlares":true,"showImageEffects":true,"showParticleSystems":true},"in2DMode":false,"pivot":{"x":6.153184413909912,"y":25.87421226501465,"z":0.3985302150249481},"rotation":{"x":0.23280946910381318,"y":-0.7348392605781555,"z":0.3062107563018799,"w":0.5587472319602966},"size":1.1552046537399293,"orthographic":false}