{"cameraMode":{"drawMode":0,"name":"Shaded","section":"Shading Mode"},"sceneLighting":false,"audioPlay":false,"sceneViewState":{"showFog":true,"showMaterialUpdate":false,"showSkybox":false,"showFlares":true,"showImageEffects":true,"showParticleSystems":true},"in2DMode":false,"pivot":{"x":-22.86343002319336,"y":15.99727725982666,"z":-10.347407341003418},"rotation":{"x":-0.29889771342277529,"y":-0.6796340942382813,"z":0.3592931032180786,"w":-0.565389096736908},"size":17.351011276245118,"orthographic":false}