{"cameraMode":{"drawMode":0,"name":"Shaded","section":"Shading Mode"},"sceneLighting":true,"audioPlay":false,"sceneViewState":{"showFog":true,"showMaterialUpdate":false,"showSkybox":false,"showFlares":true,"showImageEffects":true,"showParticleSystems":true},"in2DMode":false,"pivot":{"x":-65.08307647705078,"y":-16.42068862915039,"z":-36.20195007324219},"rotation":{"x":-0.19794681668281556,"y":0.7123487591743469,"z":-0.22176657617092133,"w":-0.6358159184455872},"size":31.2258243560791,"orthographic":false}