{"cameraMode":{"drawMode":0,"name":"Shaded","section":"Shading Mode"},"sceneLighting":false,"audioPlay":false,"sceneViewState":{"showFog":true,"showMaterialUpdate":false,"showSkybox":false,"showFlares":true,"showImageEffects":true,"showParticleSystems":true},"in2DMode":false,"pivot":{"x":-54.07441711425781,"y":1.0719636678695679,"z":-52.89028549194336},"rotation":{"x":0.22689807415008546,"y":-0.6956029534339905,"z":0.2485511749982834,"w":0.634861409664154},"size":2.8578836917877199,"orthographic":false}