{"cameraMode":{"drawMode":0,"name":"Shaded","section":"Shading Mode"},"sceneLighting":true,"audioPlay":false,"sceneViewState":{"showFog":true,"showMaterialUpdate":false,"showSkybox":false,"showFlares":true,"showImageEffects":true,"showParticleSystems":true},"in2DMode":false,"pivot":{"x":-7.164414882659912,"y":64.00675964355469,"z":-12.897697448730469},"rotation":{"x":-0.45123809576034548,"y":0.522621750831604,"z":-0.3855716586112976,"w":-0.6121330261230469},"size":13.750503540039063,"orthographic":false}