{"cameraMode":{"drawMode":0,"name":"Shaded","section":"Shading Mode"},"sceneLighting":false,"audioPlay":false,"sceneViewState":{"showFog":true,"showMaterialUpdate":false,"showSkybox":false,"showFlares":true,"showImageEffects":true,"showParticleSystems":true},"in2DMode":false,"pivot":{"x":37.171661376953128,"y":103.00389099121094,"z":-34.26734161376953},"rotation":{"x":0.2547192871570587,"y":-0.5696601271629334,"z":0.1914934366941452,"w":0.7576537132263184},"size":1.1431492567062379,"orthographic":false}