{"cameraMode":{"drawMode":0,"name":"Shaded","section":"Shading Mode"},"sceneLighting":false,"audioPlay":false,"sceneViewState":{"showFog":true,"showMaterialUpdate":false,"showSkybox":false,"showFlares":true,"showImageEffects":true,"showParticleSystems":true},"in2DMode":false,"pivot":{"x":21.68023681640625,"y":3.856804370880127,"z":-7.692119598388672},"rotation":{"x":-0.19794681668281556,"y":0.7123487591743469,"z":-0.22176657617092133,"w":-0.6358159184455872},"size":0.2857871949672699,"orthographic":false}