{"cameraMode":{"drawMode":0,"name":"Shaded","section":"Shading Mode"},"sceneLighting":true,"audioPlay":false,"sceneViewState":{"showFog":true,"showMaterialUpdate":false,"showSkybox":false,"showFlares":true,"showImageEffects":true,"showParticleSystems":true},"in2DMode":false,"pivot":{"x":2.192281723022461,"y":62.32373046875,"z":-11.357902526855469},"rotation":{"x":-0.36647117137908938,"y":0.5787975192070007,"z":-0.32570499181747439,"w":-0.6516910195350647},"size":12.071905136108399,"orthographic":false}