{"cameraMode":{"drawMode":0,"name":"Shaded","section":"Shading Mode"},"sceneLighting":true,"audioPlay":false,"sceneViewState":{"showFog":true,"showMaterialUpdate":false,"showSkybox":false,"showFlares":true,"showImageEffects":true,"showParticleSystems":true},"in2DMode":false,"pivot":{"x":-26.745737075805665,"y":63.15711975097656,"z":-0.0786701962351799},"rotation":{"x":-0.2419928014278412,"y":0.6574133634567261,"z":-0.23627778887748719,"w":-0.6733919382095337},"size":31.92050552368164,"orthographic":false}