{"cameraMode":{"drawMode":0,"name":"Shaded","section":"Shading Mode"},"sceneLighting":true,"audioPlay":false,"sceneViewState":{"showFog":true,"showMaterialUpdate":false,"showSkybox":false,"showFlares":true,"showImageEffects":true,"showParticleSystems":true},"in2DMode":false,"pivot":{"x":-7.794881820678711,"y":67.0335693359375,"z":-4.111814975738525},"rotation":{"x":-0.40032875537872317,"y":0.5876137018203735,"z":-0.4137960970401764,"w":-0.5685572624206543},"size":31.92050552368164,"orthographic":false}