{"cameraMode":{"drawMode":0,"name":"Shaded","section":"Shading Mode"},"sceneLighting":true,"audioPlay":false,"sceneViewState":{"showFog":true,"showMaterialUpdate":false,"showSkybox":false,"showFlares":true,"showImageEffects":true,"showParticleSystems":true},"in2DMode":false,"pivot":{"x":-2.107781410217285,"y":4.998024940490723,"z":-1.1495440006256104},"rotation":{"x":-0.014233437366783619,"y":0.9607599973678589,"z":-0.27243614196777346,"w":-0.05019710212945938},"size":18.711519241333009,"orthographic":false}