{"cameraMode":{"drawMode":0,"name":"Shaded","section":"Shading Mode"},"sceneLighting":true,"audioPlay":false,"sceneViewState":{"showFog":true,"showMaterialUpdate":false,"showSkybox":false,"showFlares":true,"showImageEffects":true,"showParticleSystems":true},"in2DMode":false,"pivot":{"x":-4.106463432312012,"y":13.81881332397461,"z":-2.8173205852508547},"rotation":{"x":-0.4362356960773468,"y":-0.09209257364273071,"z":0.04462471231818199,"w":-0.894097089767456},"size":6.889313220977783,"orthographic":false}