{"cameraMode":{"drawMode":0,"name":"Shaded","section":"Shading Mode"},"sceneLighting":false,"audioPlay":false,"sceneViewState":{"showFog":true,"showMaterialUpdate":false,"showSkybox":false,"showFlares":true,"showImageEffects":true,"showParticleSystems":true},"in2DMode":false,"pivot":{"x":-6.181216239929199,"y":56.86996078491211,"z":-23.157569885253908},"rotation":{"x":0.36081117391586306,"y":-0.6385135054588318,"z":0.46147462725639346,"w":0.49925968050956728},"size":1.1431492567062379,"orthographic":false}