{"cameraMode":{"drawMode":0,"name":"Shaded","section":"Shading Mode"},"sceneLighting":true,"audioPlay":false,"sceneViewState":{"showFog":true,"showMaterialUpdate":false,"showSkybox":false,"showFlares":true,"showImageEffects":true,"showParticleSystems":true},"in2DMode":false,"pivot":{"x":-0.5653939247131348,"y":6.706088066101074,"z":0.4383583664894104},"rotation":{"x":-0.37828540802001955,"y":0.5635011792182922,"z":-0.32325226068496706,"w":-0.6594604849815369},"size":67.33892059326172,"orthographic":false}