{"cameraMode":{"drawMode":0,"name":"Shaded","section":"Shading Mode"},"sceneLighting":false,"audioPlay":false,"sceneViewState":{"showFog":true,"showMaterialUpdate":false,"showSkybox":false,"showFlares":true,"showImageEffects":true,"showParticleSystems":true},"in2DMode":false,"pivot":{"x":-15.028803825378418,"y":-2.4716150760650636,"z":-24.935428619384767},"rotation":{"x":-0.01625090278685093,"y":-0.9619013071060181,"z":0.2665349841117859,"w":-0.058645833283662799},"size":28.220561981201173,"orthographic":false}