{"cameraMode":{"drawMode":0,"name":"Shaded","section":"Shading Mode"},"sceneLighting":true,"audioPlay":false,"sceneViewState":{"showFog":true,"showMaterialUpdate":false,"showSkybox":false,"showFlares":true,"showImageEffects":true,"showParticleSystems":true},"in2DMode":false,"pivot":{"x":-59.93941116333008,"y":4.836421489715576,"z":-3.7139556407928469},"rotation":{"x":0.25872695446014407,"y":-0.6447747945785523,"z":0.24692191183567048,"w":0.6756709218025208},"size":11.431534767150879,"orthographic":false}