{"cameraMode":{"drawMode":0,"name":"Shaded","section":"Shading Mode"},"sceneLighting":true,"audioPlay":false,"sceneViewState":{"showFog":true,"showMaterialUpdate":false,"showSkybox":false,"showFlares":true,"showImageEffects":true,"showParticleSystems":true},"in2DMode":false,"pivot":{"x":-8.031755447387696,"y":9.346039772033692,"z":2.630336284637451},"rotation":{"x":0.13511595129966737,"y":-0.6864487528800964,"z":0.1322738379240036,"w":0.7022938132286072},"size":2.8578836917877199,"orthographic":false}