{"cameraMode":{"drawMode":0,"name":"Shaded","section":"Shading Mode"},"sceneLighting":true,"audioPlay":false,"sceneViewState":{"showFog":true,"showMaterialUpdate":false,"showSkybox":false,"showFlares":true,"showImageEffects":true,"showParticleSystems":true},"in2DMode":false,"pivot":{"x":-1.3215222358703614,"y":29.981943130493165,"z":0.1425604373216629},"rotation":{"x":-0.33996134996414187,"y":0.6378477811813355,"z":-0.37289854884147646,"w":-0.5819107890129089},"size":11.552062034606934,"orthographic":false}