{"cameraMode":{"drawMode":0,"name":"Shaded","section":"Shading Mode"},"sceneLighting":true,"audioPlay":false,"sceneViewState":{"showFog":true,"showMaterialUpdate":false,"showSkybox":false,"showFlares":true,"showImageEffects":true,"showParticleSystems":true},"in2DMode":false,"pivot":{"x":-55.39597702026367,"y":-38.43204116821289,"z":-2.925037145614624},"rotation":{"x":-0.39053842425346377,"y":0.5837137699127197,"z":-0.3778895437717438,"w":-0.6033211350440979},"size":152.813720703125,"orthographic":false}