{"cameraMode":{"drawMode":0,"name":"Shaded","section":"Shading Mode"},"sceneLighting":true,"audioPlay":false,"sceneViewState":{"showFog":true,"showMaterialUpdate":false,"showSkybox":false,"showFlares":true,"showImageEffects":true,"showParticleSystems":true},"in2DMode":false,"pivot":{"x":-441.4851379394531,"y":-571.0975952148438,"z":-0.03730025887489319},"rotation":{"x":0.3175273835659027,"y":-0.6308591365814209,"z":0.3163536787033081,"w":0.6335334777832031},"size":762.4137573242188,"orthographic":false}