{"cameraMode":{"drawMode":0,"name":"Shaded","section":"Shading Mode"},"sceneLighting":true,"audioPlay":false,"sceneViewState":{"showFog":true,"showMaterialUpdate":false,"showSkybox":false,"showFlares":true,"showImageEffects":true,"showParticleSystems":true},"in2DMode":false,"pivot":{"x":-23.344518661499025,"y":18.738187789916993,"z":-2.929682970046997},"rotation":{"x":-0.28786948323249819,"y":0.6508729457855225,"z":-0.293817400932312,"w":-0.6381725668907166},"size":11.552062034606934,"orthographic":false}