{"cameraMode":{"drawMode":0,"name":"Shaded","section":"Shading Mode"},"sceneLighting":true,"audioPlay":false,"sceneViewState":{"showFog":true,"showMaterialUpdate":false,"showSkybox":false,"showFlares":true,"showImageEffects":true,"showParticleSystems":true},"in2DMode":false,"pivot":{"x":-10.678956985473633,"y":3.785123825073242,"z":-4.9759697914123539},"rotation":{"x":-0.4985419809818268,"y":0.4859298765659332,"z":-0.4122491478919983,"w":-0.5877213478088379},"size":31.92050552368164,"orthographic":false}