{"cameraMode":{"drawMode":0,"name":"Shaded","section":"Shading Mode"},"sceneLighting":true,"audioPlay":false,"sceneViewState":{"showFog":true,"showMaterialUpdate":false,"showSkybox":false,"showFlares":true,"showImageEffects":true,"showParticleSystems":true},"in2DMode":false,"pivot":{"x":-40.14726638793945,"y":-15.76053237915039,"z":-1.4256706237792969},"rotation":{"x":-0.20262308418750764,"y":0.713142454624176,"z":-0.22907620668411256,"w":-0.6307917833328247},"size":114.94281005859375,"orthographic":false}