{"cameraMode":{"drawMode":0,"name":"Shaded","section":"Shading Mode"},"sceneLighting":true,"audioPlay":false,"sceneViewState":{"showFog":true,"showMaterialUpdate":false,"showSkybox":false,"showFlares":true,"showImageEffects":true,"showParticleSystems":true},"in2DMode":false,"pivot":{"x":-1.3081271648406983,"y":6.760795593261719,"z":-2.498542547225952},"rotation":{"x":-0.033851779997348788,"y":0.9123878479003906,"z":-0.07710585743188858,"w":-0.40057191252708437},"size":18.711519241333009,"orthographic":false}