{"cameraMode":{"drawMode":0,"name":"Shaded","section":"Shading Mode"},"sceneLighting":true,"audioPlay":false,"sceneViewState":{"showFog":true,"showMaterialUpdate":false,"showSkybox":false,"showFlares":true,"showImageEffects":true,"showParticleSystems":true},"in2DMode":false,"pivot":{"x":-0.5083565711975098,"y":-14.937026023864746,"z":-0.05725838243961334},"rotation":{"x":-0.34703901410102847,"y":0.6140482425689697,"z":-0.343723326921463,"w":-0.6199731230735779},"size":65.48713684082031,"orthographic":false}